hashid,name
-6904230401375535845376,10-Like_Spinning_Plates.wav
-7534494366890056932352,04-You_and_Whose_Army.wav
-2761463984658386274816,09-Hunting_Bears.wav
-7200577174178307256320,08-Dollars_and_Cents.wav
-6218896588447717466112,03-Pilk_Pull_Revolving_Doors.wav
-9646023903402498839552,05-I_Might_Be_Wrong.wav
-5434880883120220294912,11-Life_In_A_Glasshouse.wav
-6825639826494269063168,01-Packt_Like_Sardines_In_A_Crush.wav
-5177163737386092139520,02-Pyramid_Song.wav
-6538494774961540108800,06-Knives_Out.wav
-7304630806633221067776,07-Morning_Bell_Amnesiac.wav
-3458147724379894578176,11-A_Punchup_at_a_Wedding.wav
-5364342227693506316288,01-2_2_5_The_Lukewarm_.wav
-9231194884024860620800,12-Myxomatosis.wav
-1802224089422129922304,02-Sit_Down_Stand_Up.wav
-3731029181178712653568,08-The_Gloaming.wav
-6749637334476165572608,13-Scatterbrain.wav
-7571382603990565330944,14-A_Wolf_at_the_Door.wav
-4998434416376113611776,09-There_There.wav
-7561459896668227445760,10-I_Will.wav
-7654472002176130945024,05-Go_to_Sleep.wav
-8771435067726958539264,04-Backdrifts.wav
-9405871241762111223808,06-Where_I_End_and_You_Begin.wav
-5046644453619933323776,03-Sail_to_the_Moon.wav
-4433192509241332610048,07-We_Suck_Young_Blood.wav
-7570753476337678065664,11-Lucky.wav
-12769337952530007100160,05-Let_Down.wav
-7248264057713971449856,07-Fitter_Happier.wav
-8027582796497589757952,01-Airbag.wav
-6064208537939950592512,08-Electioneering.wav
-7432716549175400754176,12-The_Tourist.wav
-8253151191086791362560,09-Climbing_Up_The_Walls.wav
-6104227083579003554816,04-Exit_Music_for_a_film_.wav
-6896012141468264274944,03-Subterranean_Homesick_Alien.wav
-6796827223407766979584,10-No_Surprises.wav
-7549742306402317116928,06-Karma_Police.wav
-7255944342434670825472,02-Paranoid_Android.wav
-11261930561397825982464,08-My_Iron_Lung.wav
-10629317667723904878592,05-Bones.wav
-8375181434390335694848,10-Black_Star.wav
-8362702398172506536960,11-Sulk.wav
-6359649784463641212928,04-Fake_Plastic_Trees.wav
-6564728824626401688576,03-High_And_Dry.wav
-8041871691210094340096,07-Just.wav
-7544097754097164644352,06-_Nice_Dream_.wav
-10680795538334619469824,09-Bullet_Proof_I_Wish_I_Was.wav
-6969227339760718710528,02-The_Bends.wav
-7047627387155917834240,01-Planet_Telex.wav
-7787774105166983938048,12-Street_Spirit_Fade_Out_.wav
-3607498401464359249920,11-Genchildren_hidden_.wav
-8048491770693460505600,03-The_National_Anthem.wav
-7197207410492655406080,06-Optimistic.wav
-7958936227884873070592,02-Kid_A.wav
-8363126493549132872704,07-In_Limbo.wav
-2784032310883849171968,10-Motion_Picture_Soundtrack_trimmed_.wav
-1608970541857559296000,09-Morning_Bell.wav
-1878194619591262258176,08-Idioteque.wav
-3768010252529661174784,05-Treefingers.wav
-7517608147153383008768,04-How_To_Disappear_Completely.wav
-8843658535051485743104,01-Everything_In_Its_Right_Place.wav
-6837718643328289325056,13-Creep_Radio_Edit_.wav
-6627156575600851194880,03-How_Do_You_.wav
-6831842078298608681984,06-Anyone_Can_Play_Guitar.wav
-7031594413565343877120,02-Creep.wav
-13211139804791711230976,11-Lurgee.wav
-4940243920717408825344,12-Blow_Out.wav
-12265106078312032314368,08-Vegetable.wav
-7368911977912963894272,07-Ripcord.wav
-8317809036026843019264,05-Thinking_About_You.wav
-9072482236265942772736,10-I_Can_t.wav
-10472458322309812660224,01-You.wav
-10624174951797301496832,04-Stop_Whispering.wav
-10920126855089932083200,09-Prove_Yourself.wav
-7529076931698968573952,06-Affairs_of_the_Heart.wav
-10788873826651224760320,04-Do_You_Know.wav
-10157128502868687943680,02-Love_Is_Dangerous.wav
-9877049437914204792832,11-Freedom.wav
-9091719598127693588480,12-When_It_Comes_to_Love.wav
-5248960963716958984192,09-Stand_on_the_Rock.wav
-8796777916152868040704,01-Skies_the_Limit.wav
-7260817342349385013248,10-Hard_Feelings.wav
-7051901167556048291840,03-In_the_Back_of_My_Mind.wav
-6141000122574283991040,05-Save_Me.wav
-6825627718237685747712,08-Behind_the_Mask.wav
-11150483557483106023424,13-The_Second_Time.wav
-8255579582707725228032,07-When_the_Sun_Goes_Down.wav
-9594546687847050761216,14-Never_Make_Me_Cry.wav
-7049448710075313898496,20-Never_Forget.wav
-7021358913802056049664,11-Angel.wav
-6964787648319854377984,17-Beautiful_Child.wav
-10729932169700249864192,07-Storms.wav
-10608818236074594119680,06-What_Makes_You_Think_You_re_the_One.wav
-9198246321104028945408,05-Sarah_Edit_.wav
-4297159226224893436928,09-Not_That_Funny.wav
-5589951015708896084992,04-Save_Me_a_Place.wav
-10049729622318416695808,03-Think_About_Me.wav
-9079599287628596745216,15-I_Know_I_m_Not_Wrong.wav
-8768968075092344292352,08-That_s_All_for_Everyone.wav
-6051517578297533073408,01-Over_Over.wav
-6783292123510723313664,19-Tusk.wav
-5428820658461831107584,16-Honey_Hi.wav
-6153825950099606268928,13-Brown_Eyes.wav
-4754780556414891461632,10-Sisters_of_the_Moon.wav
-10650210220695695589376,02-The_Ledge.wav
-6836940578161580388352,18-Walk_a_Thin_Line.wav
-6938963799262924820480,12-That_s_Enough_for_Me.wav
-6540717346492072451072,10-Isn_t_It_Midnight.wav
-9476888618636258290688,11-When_I_See_You_Again.wav
-9801852497917246800384,03-Everywhere.wav
-10410272940448295427072,05-Tango_In_The_Night.wav
-7781195964429502909440,12-You_and_I_Part_II.wav
-9749064951007819075072,02-Seven_Wonders.wav
-6870241489884402222080,07-Little_Lies.wav
-3246296811361224501760,04-Caroline.wav
-5194522160299334668800,08-Family_Man.wav
-6123039630462044463104,01-Big_Love.wav
-8638773631276757291520,09-Welcome_To_The_Room_Sara.wav
-10037210211422680220160,06-Mystified.wav
-5219187020958072444928,08-You_Make_Loving_Fun.wav
-9199774525668623032320,01-Second_Hand_News.wav
-5854117944312948239872,09-I_Don_t_Want_To_Know.wav
-6846664594570114010112,04-Don_t_Stop.wav
-4713885724650560797696,02-Dreams.wav
-7258237033305071154176,03-Never_Going_Back_Again.wav
-10958416172987537186816,06-Songbird.wav
-5751248297860295237632,05-Go_Your_Own_Way.wav
-6603990656644272570368,11-Gold_Dust_Woman.wav
-6005026469095496520704,10-Oh_Daddy.wav
-3333229504785089264640,07-The_Chain.wav
-9758676549278323629056,06-Only_over_You.wav
-7577457231277559761920,03-That_s_Alright.wav
-5357407809595091274752,11-Eyes_of_the_World.wav
-4689293624488983563264,02-Can_t_Go_Back.wav
-11392122888024325145600,04-Book_of_Love.wav
-6719016240290888217600,09-Hold_Me.wav
-6073776171180267228160,05-Gypsy.wav
-5009886892213546448896,12-Wish_You_Were_Here.wav
-10011631944920418235392,08-Straight_Back.wav
-7346487567432568683520,10-Oh_Diane.wav
-5726441832241156931584,01-Love_in_Store.wav
-6098820530003372100608,07-Empire_State.wav
-8895746249242655920128,01-Monday_Morning.wav
-6935893485584045576192,11-I_m_So_Afraid.wav
-10571659507925297147904,02-Warm_Ways.wav
-6272333873140916691968,06-Crystal.wav
-5592715050645290560512,10-Sugar_Daddy.wav
-7082185576891949370368,03-Blue_Letter.wav
-5403948933702614082560,04-Rhiannon.wav
-7293575525609545603584,08-Landslide.wav
-12530502433392748395520,09-World_Turning.wav
-6434416891955658011648,07-Say_You_Love_Me.wav
-9226543231821132228864,05-Over_My_Head.wav
-7671033592459480937472,04-Flick_Of_The_Wrist.wav
-9083000400842944263168,08-Stone_Cold_Crazy.wav
-8132086667539911330816,12-She_Makes_Me_Stormtrooper_In_Stilettos_.wav
-5245801297562161214976,07-In_The_Lap_Of_The_Gods.wav
-5543703404537852724224,06-Now_I_m_Here.wav
-10966069407535859075072,03-Tenement_Funster.wav
-8548347640003516457984,14-Stone_Cold_Crazy_1991_Bonus_Remix_by_Michael_Wagener_.wav
-9772463818272124462848,11-Bring_Back_That_Leroy_Brown.wav
-6751776850643483585536,09-Dear_Friends.wav
-8784623594688227310592,05-Lily_Of_The_Valley.wav
-7239587111776137332736,10-Misfire.wav
-5240588026660203694592,02-Killer_Queen.wav
-7806792206683082491904,13-In_The_Lap_Of_The_Gods_Revisited.wav
-9460365973447891832832,01-Brighton_Rock.wav
-9872015032484131170816,05-Machines_Back_To_Humans_.wav
-3931624739692573840384,01-Radio_Ga_Ga.wav
-7061001256249428607488,02-Tear_It_Up.wav
-7907069593003119714816,06-I_Want_To_Break_Free.wav
-9271206176065682396160,03-It_s_A_Hard_Life.wav
-8349125835940275474944,09-Is_This_The_World_We_Created_.wav
-8593244041252599526400,10-I_Go_Crazy.wav
-8564867066522686622720,07-Keep_Passing_The_Open_Windows.wav
-8324599872025551188992,11-Radio_Ga_Ga_Extended_Version_.wav
-6576688974787024974848,08-Hammer_To_Fall.wav
-8375893158881238962176,12-I_Want_To_Break_Free_Extended_Mix_.wav
-8709178636423158876672,04-Man_On_The_Prowl.wav
-6086761160364835123200,12-We_Will_Rock_You_1991_Bonus_Remix_ruined_by_Rick_Rubin_.wav
-7345315625643519206912,10-It_s_Late.wav
-7360284998820159556608,04-All_Dead_All_Dead.wav
-7747852380917035723776,11-My_Melancholy_Blues.wav
-9728051397169515128832,05-Spread_Your_Wings.wav
-6161627395825579436544,09-Who_Needs_You.wav
-7769475480838517017088,08-Sleeping_On_The_Sidewalk.wav
-10035697235242523104256,03-Sheer_Heart_Attack.wav
-7121716705687655844864,01-We_Will_Rock_You.wav
-7338620877726971931648,06-Fight_From_The_Inside.wav
-6762547042335667315200,07-Get_Down_Make_Love.wav
-9465191302151773123584,02-We_Are_The_Champions.wav
-8096820654483523044352,10-Good_Company.wav
-6866474150144774430720,02-Lazing_On_a_Sunday_Afternoon.wav
-10066421684479971657216,06-Sweet_Lady.wav
-5780517689079609390080,01-Death_On_Two_Legs_Dedicated_To_.wav
-4007826978353639311104,12-God_Save_the_Queen.wav
-4821827635691745615872,08-The_Prophet_s_Song.wav
-6372047042649343568896,14-You_re_My_Best_Friend.wav
-7331712743385415815168,11-Bohemian_Rhapsody.wav
-7327456403717455677440,04-You_re_My_Best_Friend.wav
-8156343444661955547648,07-Seaside_Rendezvous.wav
-7836801268611677401088,13-I_m_In_Love_With_My_Car.wav
-7901358422563204761088,03-I_m_In_Love_With_My_Car.wav
-10535849233563501244928,05-_39.wav
-8583098172374489195520,09-Love_of_My_Life.wav
-3353714793520397284352,03-Another_One_Bites_The_Dust.wav
-8600898906261464132096,05-Crazy_Little_Thing_Called_Love.wav
-7977083059412530244608,10-Save_Me.wav
-7215442368213824081408,11-Dragon_Attack_1991_Bonus_Remix_.wav
-4382925771044004076544,07-Don_t_Try_Suicide.wav
-5777718352634432710144,02-Dragon_Attack.wav
-5154716078320261818880,09-Coming_Soon.wav
-11637932176421391201792,06-Rock_It_Prime_Jive_.wav
-6563836124057732267520,04-Need_Your_Loving_Tonight.wav
-8714454090648732293120,08-Sail_Away_Sweet_Sister.wav
-7002259554242330701824,01-Play_The_Game.wav
-6515319950554101958144,05-If_You_Can_t_Beat_Them.wav
-6385416108658938525696,09-Dreamers_Ball.wav
-5283886958282781137920,01-Mustapha.wav
-8671475736380539025920,03-Jealousy.wav
-7465249271834784095232,14-Fat_Bottomed_Girls_1991_Remix_.wav
-5297444420512455464448,10-Fun_It.wav
-9288675289957729439744,12-Don_t_Stop_Me_Now.wav
-6990003806898423069184,02-Fat_Bottomed_Girls.wav
-6675869617642604752384,13-More_Of_That_Jazz.wav
-7294154749073600539648,04-Bicycle_Race.wav
-7613233760605260499456,07-Dead_On_Time.wav
-5963760270666908264960,15-Bicycle_Race_1991_Remix_.wav
-7737583333835217446912,11-Leaving_Home_Ain_t_Easy.wav
-7837541976102380642816,06-Let_Me_Entertain_You.wav
-8783728500175762768640,08-In_Only_Seven_Days.wav
-8388160623751434503168,01-Standing_Outside_The_Fire.wav
-12174502590827418602496,09-Callin_Baton_Rouge.wav
-6805218699995517381632,04-One_Night_A_Day.wav
-8125128942511540204544,10-The_Night_Will_Only_Know.wav
-8124469424189328423936,08-The_Red_Strokes.wav
-6888156030306866604544,02-The_Night_I_Called_The_Old_Man_Out.wav
-8230450559790590316032,03-American_Honky_Tonk_Bar_Association.wav
-8157067146112574383104,06-Anonymous.wav
-9049793132083329411072,05-Ain_t_Goin_Down_Till_The_Sun_Comes_Up_.wav
-7780363834385547424768,07-Kickin_And_Screamin_.wav
-7689730666261024650240,11-The_Cowboy_Song.wav
-7838381817553683483648,08-Unanswered_Prayers.wav
-9656326044017937147904,09-Same_Old_Story.wav
-5665391010627027780608,10-Mr_Blue.wav
-9005083385700981031936,06-This_Ain_t_Tennessee.wav
-9279950435685114597376,07-Wild_Horses.wav
-7275598523705059214336,03-Two_Of_A_Kind_Workin_On_A_Full_House.wav
-7288103518619273544704,01-The_Thunder_Rolls.wav
-7413130049368386606080,11-Wolves.wav
-6924709657829883507712,04-Victim_Of_The_Game.wav
-7274363957574245733376,02-New_Way_To_Fly.wav
-9210058218870228708352,05-Friends_In_Low_Places.wav
-9800338959798350835712,07-The_Beaches_of_Cheyenne.wav
-8918751478595446455296,01-The_Old_Stuff.wav
-8616653543345634027520,04-That_Ol_Wind.wav
-5743242063274909922304,06-The_Change.wav
-12005336570059589951488,03-The_Fever.wav
-7560138193877108681728,05-Rollin_.wav
-5861790092397358276608,11-Ireland.wav
-6928499294263263777792,08-To_Make_You_Feel_My_Love.wav
-6659671361626375687168,10-She_s_Every_Woman.wav
-8738977366848271341568,09-It_s_Midnight_Cinderella.wav
-9243462677654790602240,02-Cowboys_and_Angels.wav
-7859859527485068666880,10-I_Know_One.wav
-6886305708430636534784,06-Alabama_Clay.wav
-7500611728496598248448,05-Everytime_That_It_Rains.wav
-7504964010474295453696,07-Much_Too_Young_To_Feel_This_Damn_Old_.wav
-5314081017018994104320,09-Nobody_Gets_Off_In_This_Town.wav
-6568859386334676925440,02-I_ve_Got_A_Good_Thing_Going.wav
-8323419467576064009216,01-Not_Counting_You.wav
-7777604237920361818112,04-Uptown_Down-Home_Good_Ol_Boy.wav
-8417820959771228812288,03-If_Tomorrow_Never_Comes.wav
-7481183017177765720064,08-Cowboy_Bill.wav
-6871947681154496338944,11-The_Dance.wav
-5678639700483266062336,11-The_River.wav
-7554907814970711873536,08-Cold_Shoulder.wav
-6986222876701348938752,07-Shameless.wav
-4998172757050336285696,02-Rodeo.wav
-8883356460992431340544,05-Which_One_Of_Them.wav
-7390409800674773376000,06-Papa_Loved_Mama.wav
-8984376988435420930048,03-What_She_s_Doing_Now.wav
-5787882785341140059136,09-We_Bury_The_Hatchet.wav
-7806751237456121688064,10-In_Lonesome_Dove.wav
-8132176486064182916096,04-Burning_Bridges.wav
-7118814286278809863168,01-Against_The_Grain.wav
-9684515379168944407552,08-That_Summer.wav
-8093601136917076144128,09-Something_With_A_Ring_To_It.wav
-8576945780361182134272,07-Learning_To_Live_Again.wav
-7289884857962964321280,04-Every_Now_And_Then.wav
-6569283864145284873216,01-We_Shall_Be_Free.wav
-6321486929879459433472,05-Walking_After_Midnight.wav
-7445768822620048781312,11-Face_To_Face.wav
-5856887421771473329152,02-Somewhere_Other_Than_The_Night.wav
-9574680384229424412672,03-Mr_Right.wav
-7783441441030725112832,06-Dixie_Chicken.wav
-8015514267563169261568,10-Night_Rider_s_Lament.wav
-12262240905726201485824,08-Prayers_For_Rain.wav
-5358686952285706490880,04-Love_Song.wav
-7945918102672691746816,11-Homesick.wav
-8154718207438584410624,03-Closedown.wav
-7384975633167425866240,02-Pictures_Of_You.wav
-8382340505075706951680,10-Disintegration.wav
-8906971825114151460864,05-Last_Dance.wav
-10322700942062487613440,09-The_Same_Deep_Water_As_You.wav
-4668809351990872532992,01-Plainsong.wav
-8950867106480509227008,07-Fascination_Street.wav
-4387559359720271122432,12-Untitled.wav
-6955266673481605471744,06-Lullaby.wav
-8890737737795608625152,02-Kyoto_Song.wav
-4279667737785336167424,10-Sinking.wav
-8389809953174943247872,04-Six_Different_Ways.wav
-7869244770899935305728,09-Screw.wav
-5764840295271496928256,01-In_Between_Days.wav
-576436713806987175936,07-Close_to_Me.wav
-6584817917908015688192,05-Push.wav
-10188409919493745899008,08-A_Night_Like_This.wav
-6905038694414448839680,03-The_Blood.wav
-6548562706069128922112,06-The_Baby_Screams.wav
-12509602567238705318912,08-The_Empty_World.wav
-5840573686187926525952,09-Bananafishbones.wav
-9511255891791746287360,03-Wailing_Wall.wav
-7362776656469053474816,06-The_Caterpillar.wav
-7505256890675461586688,01-Shake_Dog_Shake.wav
-7252512975490759494144,05-Dressing_Up.wav
-7785737738826430913536,02-Bird_Mad_Girl.wav
-9252347524834357236736,04-Give_Me_It.wav
-7174523644901752687104,07-Piggy_In_The_Mirror.wav
-5804447455324629799680,10-The_Top.wav
-12139196088457414713344,04-From_the_Edge_of_the_Deep_Green_Sea.wav
-6987640280886168612864,08-Trust.wav
-11098610244055019892736,05-Wendy_Time.wav
-9760029291905338103808,11-To_Wish_Impossible_Things.wav
-11447190794427296884736,01-Open.wav
-7092629942393808355328,10-Cut.wav
-8236509897140110360576,03-Apart.wav
-12608097181605555865600,02-High.wav
-10991481215756586854400,12-End.wav
-8262346156362057662464,07-Friday_I_m_In_Love.wav
-8922724147466491453440,06-Doing_the_Unstuck.wav
-5389733366383874256896,09-A_Letter_to_Elise.wav
-5862093961035426950656,08-Just_Like_Heaven.wav
-7960949727926785964544,04-If_Only_Tonight_We_Could_Sleep.wav
-10697102194299157150208,05-Why_Can_t_I_Be_You_.wav
-7945757581033577964544,12-Like_Cockatoos.wav
-11145478730841500967424,02-Catch.wav
-7482840721811739568128,10-Hot_Hot_Hot_.wav
-6473485388878047090176,13-Icing_Sugar.wav
-8099175094003825462272,03-Torture.wav
-9733891059540693337088,15-A_Thousand_Hours.wav
-10699944714571941610496,11-One_More_Time.wav
-9695237485295586245120,07-The_Snakepit.wav
-2649741205594950709248,01-The_Kiss.wav
-8934611599885757614080,16-Shiver_And_Shake.wav
-9131098502944614367744,06-How_Beautiful_You_Are.wav
-10210495277962742402560,14-The_Perfect_Girl.wav
-8612508084183350005760,17-Fight.wav
-8808026042467234156032,09-All_I_Want.wav
-7573148737529386994688,11-Return.wav
-6223891941962038848000,10-Numb.wav
-10192793216647070345216,04-The_13th.wav
-10021189137801092236800,12-Trap.wav
-6251056241549296891904,14-Bare.wav
-6693847661114537899776,07-Jupiter_Crash.wav
-7105618831399591241728,09-Gone_.wav
-10215697361874160828416,02-Club_America.wav
-7442211583465208087040,05-Strange_Attraction.wav
-7024401450475232240128,03-This_Is_A_Lie.wav
-6882644905313497544192,06-Mint_Car.wav
-9232698264872155037440,08-Round_Round_Round.wav
-10745030604516832918528,01-Want.wav
-8112505267065102243584,13-Treasure.wav
-9207584795541198883072,14-7.wav
-5852970260531944146688,18-The_Sacrifice_Of_Victor.wav
-4511303779017786681344,03-Love_2_The_9_s.wav
-4665848470749400302592,07-Blue_Light.wav
-5166651064040449479680,10-The_Continental.wav
-7657457320192746495744,05-The_Max.wav
-6572246130949461036032,02-Sexy_M_F_.wav
-6491732628991702631936,08-I_Wanna_Melt_With_U.wav
-5209660847876952284672,17-Segue.wav
-7137180373376571371008,16-3_Chains_O_Gold.wav
-8321842955445574039040,13-The_Flow.wav
-5691922071546568446976,12-Arrogance.wav
-7951851321489658100224,01-My_Name_Is_Prince.wav
-8832691317219592406528,15-And_God_Created_Woman.wav
-6713563648993631872512,04-The_Morning_Papers.wav
-1588216042329546272512,06-Segue.wav
-7968343225307952120320,11-Damn_U.wav
-9766603864380220435200,09-Sweet_Baby.wav
1560805686077671277568,05-D_M_S_R_.wav
-1675799019614414794752,10-All_The_Critics_Love_U_In_New_York.wav
-9068248284861571037184,08-Free.wav
-7529003246095352580096,02-Little_Red_Corvette.wav
-8832763079711200164352,11-International_Lover.wav
-5751471563460263493632,07-Something_In_The_Water_Does_Not_Compute_.wav
-4695101918502075125760,03-Delirious.wav
-3223040955293807802368,06-Automatic.wav
3234813946722532248064,04-Let_s_Pretend_We_re_Married.wav
-6154441887651144303616,09-Lady_Cab_Driver.wav
-6700003276552740036096,01-1999.wav
-5767712956679888469504,01-Let_s_go_crazy.wav
-6861100863200593692160,07-I_would_die_4_u.wav
-4632585838441009416704,03-The_beautiful_ones.wav
-4170834626488911633920,04-Computer_blue.wav
-4474759561869951283712,06-When_doves_cry.wav
-5250050950756795531264,08-Baby_I_m_a_star.wav
-5268103297815355545600,05-Darling_Nikki.wav
-6817207035424831971840,09-Purple_Rain.wav
-8305225212744226249216,02-Take_me_with_u.wav
-5439166387678413174784,03-Housequake.wav
-2190443343833483865600,04-The_Ballad_Of_Dorothy_Parker.wav
-6404002358784441278464,07-Slow_Love.wav
-5868188259907633871360,05-It.wav
-4020376319929155072512,08-Hot_Thing.wav
-14857167881966113792,01-Sign_O_The_Times.wav
-10352361723287473588992,02-Play_In_The_Sunshine.wav
-6627560786910460981760,09-Forever_In_My_Life.wav
-7250989064809835404800,06-Starfish_And_Coffee.wav
-9734141541692925471488,11-Anotherloverholenyohead.wav
-7453757162719792793088,07-Venus_de_Milo.wav
54799293884839578624,02-New_Position.wav
-9570885088686053983232,08-Mountains.wav
-7403641995999438026752,01-Christopher_Tracy_s_Parade.wav
-8847752803818523919360,06-Life_Can_be_so_Nice.wav
-7137499047244674437888,09-Do_u_Lie_.wav
-7085420851021136324096,12-Sometimes_it_Snows_in_April.wav
-7897662302765489185280,03-I_Wonder_U.wav
-654730794440865484288,10-Kiss.wav
-6541870098764783823872,05-Girls_Boys.wav
-6156324300105343725568,04-Under_The_Cherry_Moon.wav
-10112523112049187824384,03-Glam_Slam.wav
-7570616406107456215040,09-Positivity.wav
-5683525258041259997440,06-Lovesexy.wav
-8036741351059879441408,02-Alphabet_Street.wav
-4167353128050814312448,07-When_2_R_In_Love.wav
-3585084401195280112640,04-Anna_Stesia.wav
-10306579168370939314176,08-I_Wish_U_Heaven.wav
-3225714199883549938688,01-Eye_No.wav
-4503209469956198751232,05-Dance_On.wav
-12162191061312975819264,01-I_Put_A_Spell_On_You.wav
-5771942928949132537856,03-Suzie_Q.wav
-5173995576396063235072,08-Walking_On_The_Water.wav
-6398681767731769800192,05-Get_Down_Woman.wav
-8942569174458229295616,04-Ninety-Nine_And_A_Half_Won_t_Do_.wav
-9474152358752326188032,02-The_Working_Man.wav
-6062491920677906688512,07-Gloomy.wav
-9960633059864164820480,06-Porterville.wav
-5076824564766984265728,03-Chameleon.wav
-9855116311669025443840,01-Pagan_Baby.wav
-6998620507376948554752,07-Hey_Tonight.wav
-8749104208280475638784,06-Born_To_Move.wav
-5171594040655683231744,09-Molina.wav
-5875104690339531869184,10-Rude_Awakening_2.wav
-7099994483520214992896,05-_Wish_I_Could_Hideaway.wav
-10122513272515518687232,04-Have_You_Ever_Seen_The_Rain-.wav
-6739917907207376238592,08-It_s_Just_A_Thought.wav
-3489686473838476735488,02-Sailor_s_Lament.wav
-8388969576019843928064,04-Poorboy_shuffle.wav
-5824977098216536649728,06-Fortunate_son.wav
-6653980031518254458880,02-It_came_out_of_the_sky.wav
-6208714689743923434496,03-Cotton_fields.wav
-9721700038370933955584,05-Feelin_blue.wav
-7546869934906906163200,01-Down_on_the_corner.wav
-8201038790871517736960,08-The_midnight_special.wav
-3627000364847311071232,09-Side_o_the_road.wav
-7380245877565738741760,10-Effigy.wav
-10105600159222620565504,07-Don_t_look_now.wav
-10079995892684420579840,07-Cross-Tie_Walker.wav
-6686805315426446790144,04-Wrote_A_Song_For_Everyone.wav
-11983842279507702326272,03-Tombstone_Shadow.wav
-9447990285723561750016,05-Bad_Moon_Rising.wav
-6561251319560457862144,01-Green_River.wav
-6685742164123697940480,02-Commotion.wav
-7164058660721969569280,06-Lodi.wav
-10173366384782565625344,08-Sinister_Purpose.wav
-10913863882359229338112,09-The_Night_Time_Is_The_Right_Time.wav
-7923087022611126385664,07-Up_Around_The_Bend.wav
-9134367986015635991552,05-Lookin_Out_My_Back_Door.wav
-4255609684723393755136,11-Long_As_I_Can_See_The_Light.wav
-9049125538941484873728,09-Who_ll_Stop_The_Rain.wav
-6541418346963435638784,06-Run_Through_The_Jungle.wav
-8914074355890069552128,08-My_Baby_Left_Me.wav
-7659187195310367958016,03-Travelin_Band.wav
-6506434699429630087168,01-Ramble_Tamble.wav
-5509345970210846780416,02-Before_You_Accuse_Me.wav
-7592108722173584225280,10-I_Heard_It_Through_The_Grapevine.wav
-9859238144275809424384,04-Ooby_Dooby.wav
-5853661435585189641728,07-Keep_On_Chooglin_.wav
-8268420014870906268160,05-Penthouse_Pauper.wav
-3812314801683885831680,03-Graveyard_Train.wav
-5869552109109349559808,02-Bootleg.wav
-9822533574534748192256,06-Proud_Mary.wav
-5322695880635925629952,04-Good_Golly_Miss_Molly.wav
-11103982786322286448640,01-Born_On_The_Bayou.wav
-6606627186840694171648,02-My_Secret_Garden.wav
-7365136712944226160384,09-Shouldn_t_Have_Done_That.wav
-5793625120232371564544,03-Monument.wav
-3245800420656740251648,06-Satellite.wav
-3627914381596445073408,05-See_You.wav
-8059934492901803536128,10-The_Sun_The_Rainfall.wav
-4189393937318696456192,07-The_Meaning_Of_Love.wav
-9967622358587590722560,04-Nothing_To_Fear.wav
-4188554703969558661120,08-A_Photograph_Of_You.wav
-6081122137178371952640,01-Leave_In_Silence.wav
-5718237210029316420608,03-Pipeline.wav
-6820180887869066430464,06-Shame.wav
-3634675065119776822272,08-Told_You_So.wav
-7506918326964061689856,10-Everything_Counts_Long_Version_.wav
-10740413859922273025024,02-More_Than_A_Party.wav
-10721127629063028678656,"01-Love,_In_Itself.wav"
-7974049176554713856000,05-Two_Minute_Warning.wav
-7846957702800270535680,04-Everything_Counts.wav
-6791027042501404680192,07-The_Landscape_Is_Changing.wav
-7119993822011643438080,09-And_Then_.wav
-8302247107403071684608,03-A_question_of_lust.wav
-8033837643922217609216,02-Fly_on_the_windscreen.wav
-5949459378385130080256,13-But_not_tonight_Extended_Remix_.wav
-11855467033416541963776,05-It_doesn_t_matter_two.wav
-1653296115997244606464,01-Black_Celebration.wav
-9459143828775391884288,14-Black_day.wav
-5220602254022658560000,12-Breathing_in_fumes.wav
-4614095038432920683264,11-New_dress.wav
-7402886484413480569856,06-A_question_of_time.wav
-6263584228784591300096,07-Stripped.wav
-5370513653703506026496,04-Sometimes.wav
-8404288100162696934912,09-World_full_of_nothing.wav
-8953653164994930049024,10-Dressed_in_black.wav
-7304836343492708833792,08-Here_is_the_house.wav
-5182463178341843169280,12-Never_let_me_down_again_Aggro_mix_.wav
-6235070640243311556608,11-Agent_Orange.wav
-8266501158343560636416,05-Little_15.wav
-7462837692642080559872,08-To_have_and_to_hold.wav
-12072084127002062215168,01-Never_let_me_down_again.wav
-12998007149925054835712,10-Pimpf.wav
-8600836394692526168320,07-I_want_you_now.wav
-2474111098071117302784,14-Pleasure_little_treasure.wav
-10229463717108636820480,09-Nothing.wav
-11100476917094812494848,13-To_have_and_to_hold_Spanish_Taster_.wav
-7121227481089151980544,03-Strangelove.wav
-4195782209958379642880,04-Sacred.wav
-11353596154691906264064,02-The_things_you_said.wav
-5787267480935657593856,06-Behind_the_wheel.wav
-6507934803185423400960,04-It_Doesn_t_Matter.wav
-8520790364558884182528,02-Lie_To_Me.wav
-7233001777472415942656,01-Something_To_Do.wav
-5162834420845460978688,09-Blasphemous_Rumours.wav
-10410014178483142731776,05-Stories_Of_Old.wav
-6861877438891188830720,03-People_Are_People.wav
-4448922250197757300224,06-Somebody.wav
-3861751874772517178368,08-If_You_Want.wav
-5142226326039836470784,07-Master_And_Servant.wav
-8213136228814823053312,01-New_Life.wav
-5485278592876950390784,04-Boys_Say_Go_.wav
1643433584644821703680,16-Just_Can_t_Get_Enough_Schizo_Mix_.wav
-5287502051383684213760,08-Tora!_Tora!_Tora!.wav
-6327834368836131738624,03-Puppets.wav
-7204534712836446495744,14-Shout.wav
-2891743306389641405440,12-Dreaming_Of_Me.wav
-4481766759403394016256,05-Nodisco.wav
-4513612961800115008512,06-What_s_Your_Name-.wav
-3599294513618240445440,13-Ice_Machine.wav
-2249337744963698328576,09-Big_Muff.wav
-3954906260436471611392,15-Any_Second_Now.wav
-6442889917029099592704,10-Any_Second_Now_Voices_.wav
-4931093381008093287424,07-Photographic.wav
-5486011891418041594880,02-I_Sometimes_Wish_I_Was_Dead.wav
-6072252878243822314240,11-Just_Can_t_Get_Enough.wav
-8052047195688062305792,05-Show_Biz_Kids.wav
-7473616694823222399488,02-Razor_Boy.wav
-4822702546742396663808,08-King_Of_The_World.wav
-8181427355480183534592,03-The_Boston_Rag.wav
-7739617982670204157952,01-Bodhisattva.wav
-5745280673441252875776,06-My_Old_School.wav
-4574591744109252407296,04-Your_Gold_Teeth.wav
-8584830470547641631744,07-Pearl_Of_The_Quarter.wav
-7550253414433406801920,04-Sign_in_Stranger.wav
-7760274813423033870336,01-Kid_Charlemagne.wav
-7137563018842198881280,06-Green_Earrings.wav
-6886725970160296334336,09-The_Royal_Scam.wav
-7078512706138486112256,05-The_Fez.wav
-9146903595960303085568,03-Don_t_Take_Me_Alive.wav
-6655474724463206163456,02-The_Caves_of_Altamira.wav
-6389147791454536798208,07-Haitian_Divorce.wav
-9827307706043713967104,08-Everything_You_Did.wav
-11338181183224640682496,09-With_a_Gun.wav
-8814972209994298827776,05-East_St_Louis_Toodle-Oo.wav
-6999959198910657827840,07-Through_With_Buzz.wav
-7293599497007676269568,10-Charlie_Freak.wav
-6549184315644542102016,01-Rikki_Don_t_Lose_That_Number.wav
-7039280346264963046400,06-Parker_s_Band.wav
-6983256307740116351488,08-Pretzel_Logic.wav
-4337600535318336683520,02-Night_by_Night.wav
-7334174811892122489856,04-Barrytown.wav
-9397443120832563430400,11-Monkey_in_Your_Soul.wav
-6066233224336195539968,03-Any_Major_Dude_Will_Tell_You.wav
-7162866927872350461952,02-Bad_Sneakers.wav
-7117729017421194311680,05-Doctor_Wu.wav
-7744583115906109159424,07-Your_Gold_Teeth_II.wav
-3733786426343377504256,08-Chain_Lightning.wav
-8020276366182671765504,09-Any_World.wav
-10270299580114829242368,04-Daddy_Don_t_Live_In_That_New_York_City_No_More.wav
-8195601876285872334848,10-Throw_Back_The_Little_Ones.wav
-5874363880069274396672,03-Rose_Darling.wav
-5121712795395788445696,06-Everyone_s_Gone_To_The_Movies.wav
-7934421784220703432704,01-Black_Friday.wav
-4628429261563954968576,01-Black_Cow.wav
-6087169425006351851520,05-Home_At_Last.wav
-9124768925840467105792,02-Aja.wav
-8394118925801466963968,04-Peg.wav
-5400959597623128664064,06-I_Got_The_News.wav
-5857941612263001235456,07-Josie.wav
-9438238455561768122368,03-Deacon_Blues.wav
-9949198237600042440704,03-Glamour_Profession.wav
-4439602916663966286848,02-Hey_Nineteen.wav
-5887833378962345882624,04-Gaucho.wav
-2942780173655695678464,06-My_Rival.wav
-2384729954009685610496,01-Babylon_Sisters.wav
-9484182413151136832512,07-Third_World_Man.wav
-3044374977588018938880,05-Time_Out_of_Mind.wav
-11146130196640858924544,08-Sight_for_Sore_Eyes.wav
-7569407416569538007552,02-I_Wanna_Know_Why.wav
-6508717442169443414016,07-The_Hand_That_Feeds.wav
-10763857026181777086464,09-Milk_Cow_Blues.wav
-9774645889562107182080,04-Get_It_Up.wav
-8635940818256251554048,01-Draw_the_Line.wav
-9132081027184275265536,03-Critical_Mass.wav
-8443171004990266092032,05-Bright_Light_Fright.wav
-10124545858669601184768,06-Kings_and_Queens.wav
-8005425668096054191104,05-Big_Ten_Inch_Record.wav
-8311104452171183085568,06-Sweet_Emotion.wav
-9177074592042980331520,04-Walk_This_Way.wav
-7128606418865609068032,02-Uncle_Salty.wav
-8167903520461335276544,09-You_See_Me_Crying.wav
-7846484242761513545728,08-Round_And_Round.wav
-10616844229313637629952,03-Adam_s_Apple.wav
-8844999375910365488128,07-No_More_No_More.wav
-9506270200001127309312,01-Toys_In_The_Attic.wav
-6464000629880096469504,04-One_Way_Street.wav
-6271701355986240926208,02-Somebody.wav
-6717464035848936026624,08-Walking_the_Dog.wav
-7920192586350253828096,01-Make_It.wav
-6682046110175906030592,06-Write_Me_a_Letter.wav
-7997883855833271477248,05-Mama_Kin.wav
-10018621017223092348928,03-Dream_On.wav
-6707566715141565598720,07-Movin_Out.wav
-7610018528219864799744,10-What_It_Takes.wav
-6209753445234488230656,03-Going_Down-Love_In_An_Elevator.wav
-6003211029789845113344,04-Monkey_On_My_Back.wav
-8992051105365966555136,09-Hoodoo-Voodoo_Medicine_Man.wav
-7130610377317076845056,08-Don_t_Get_Mad_Get_Even.wav
-11133142858657818740224,07-My_Girl.wav
-9661422782479259035392,05-Water_Song-Janie_s_Got_A_Gun.wav
-8636279875806495335424,02-F_I_N_E_.wav
-6629784477590633813504,06-Dulcimer_Stomp-The_Other_Side.wav
-8885683031666119835136,01-Young_Lust.wav
-11432397534359515901440,08-Pandora_s_Box.wav
-9919351042434830258688,06-Train_Kept_A_Rollin_.wav
-8647379941083526440960,01-Same_Old_Song_and_Dance.wav
-2475619065672973471232,03-Spaced.wav
-8178301775187149913088,02-Lord_Of_The_Thighs.wav
-5944145582682481044480,04-Woman_Of_The_World.wav
-12375789010276643161088,07-Seasons_Of_Wither.wav
-5342582491208022553600,05-SOS.wav
-7535056834183782722560,08-Lick_and_a_Promise.wav
-2345987876712175845120,06-Nobody_s_Fault.wav
-9158536721282144482304,02-Last_Child.wav
-11155579433942754110464,01-Back_In_The_Saddle_Again.wav
-7941972604426923976704,09-Home_Tonight.wav
-9265613518069306274816,05-Sick_As_A_Dog.wav
-7945244423757585190912,07-Get_The_Lead_Out.wav
-11453111961764181849856,03-Rats_In_The_Cellar.wav
-11235469541366158375936,04-Combination.wav
-13210263713133176515072,10-From_One_Heart_To_Another.wav
-6355019894395432932352,09-Joy_Of_A_Toy.wav
-4763883458620925428736,15-Turn_To_Me.wav
-6322033595542910281728,12-So_Far_Away.wav
-4498993242876341258240,04-I_Call_Your_Name.wav
-5364719794956694322176,01-Soul_Deep.wav
-7755501415842176398336,02-Secrets_That_She_Keeps.wav
-6379133547250307025920,03-Goodbye_To_You.wav
-6501314732385071629312,20-I_Call_Your_Name_Frank_Mono-Mix_1987_.wav
-5532709382802694288384,18-I_Call_Your_Name_Montezuma_Demo_26_07_86_.wav
-6670442394368594046976,13-Pearls_Of_Passion.wav
-8560008048873972412416,06-Voices.wav
-9605207997549664377856,05-Surrender.wav
-6237682703045488341504,11-Like_Lovers_Do.wav
-6185383881397659502592,17-Secrets_That_She_Keeps_Tits_Ass_Demo_1986_.wav
-7956394079568574416896,19-Neverending_Love_Frank_Mono-Mix_1987_.wav
-4921648859445660516352,16-Neverending_Love_Tits_Ass_Demo_1986_.wav
-7299637865978498956288,08-Call_Of_The_Wild.wav
-3916912022350957424640,14-It_Must_Have_Been_Love_Christmas_For_The_Broken-Hearted_.wav
-7394621634445630351360,07-Neverending_Love.wav
-7498489286258204448512,05-Anyone.wav
-6981301495169299803136,02-Wish_I_Could_Fly.wav
-5082676458235671840256,14-Beautiful_Things.wav
-7592617274830599490560,09-Stars.wav
-6783983860770209283584,04-Waiting_For_The_Rain.wav
-8382603215831905722368,12-Cooper.wav
-10821606470334162931456,11-Pay_The_Price.wav
-7797842148077125585408,10-Salvation.wav
-8871681911442645784576,08-I_Was_So_Lucky.wav
-8122827746929744701952,13-Staring_At_The_Ground.wav
-6801520582473099622400,07-7_Twenty_7.wav
-7814034827287108758528,01-Crush_On_You.wav
-7262329299436016611840,06-It_Will_Take_A_Long_Long_Time.wav
-7960582575140730132992,03-You_Can_t_Put_Your_Arms_Around_What_s_Already_Gone.wav
-6337286221672054943744,02-hotblooded.wav
-3468711942735777847296,09-_do_you_get_excited.wav
-9872914359588072400640,14-perfect_day.wav
-9143132316459409984512,05-spending_my_time.wav
-5977283857894979342336,08-the_big_L_.wav
-9621186548224857308160,03-fading_like_a_flower_everytime_you_leave_.wav
-13087971916715663557632,10-church_of_your_heart.wav
-6181040793692234297088,13-things_will_never_be_the_same.wav
-7653823687870011124736,11-small_talk.wav
-4311594160369949658112,12-phsycial_fascination.wav
-11621645094240472954880,01-joyride.wav
-6803072240671149529088,06-soul_deep.wav
-9092262940669349025792,07-watercolours_in_the_rain.wav
-7079193551020768167936,04-knockin_on_every_door.wav
-9102640902620888438272,07-Chances.wav
-6674068661389038252032,03-Sleeping_Single.wav
-5105970830803744306688,05-Dance_Away.wav
-6770589782494234556928,09-Half_A_Woman_Half_A_Shadow.wav
-6756346788034513690368,06-Cry.wav
-4651275949421192030720,10-View_From_A_Hill.wav
-5651997722188326365696,08-Dangerous.wav
-6397707394425641115136,13-Listen_To_Your_Heart.wav
-2342449895734315117056,04-Paint.wav
-6602717134397490027520,01-The_Look.wav
-7114413728324097558016,02-Dressed_For_Success.wav
-7003902250480797233152,12-Shadow_Of_A_Doubt.wav
-9071594969768877671936,11-I_Could_Never_Give_You_Up.wav
-6792811008569360249856,07-Bringing_Me_Down_To_My_Knees.wav
-4056386464057371354112,04-Jefferson.wav
-9172319382403086664192,06-Looking_For_Jane.wav
-9614203170524454393856,01-Real_Sugar.wav
-7011054281172865412096,08-Make_My_Head_Go_Pop.wav
-6969950758715739591680,12-My_World_My_Love_My_Life.wav
-6553144546098222960128,11-It_Takes_You_No_Time_To_Get_Here.wav
-9822047573988591600640,10-Fool.wav
-7643842233318620279808,05-Little_Girl.wav
-10551471020752628704768,02-The_Centre_Of_The_Heart.wav
-4266898067111721753600,03-Milk_And_Tost_And_Honey.wav
-7487224572433677982720,09-Try_Just_A_Little_Bit_Harder_.wav
-10047052576608940503040,04-Run_To_You.wav
-7986381022396845979648,02-Crash_Boom_Bang_.wav
-5035280921919618251776,15-Go_To_Sleep.wav
-10500638614278673095680,09-I_Love_The_Sound_Of_Crashing_Guitars.wav
-10136681538328492920832,11-Do_You_Wanna_Go_The_Whole_Way_.wav
-6926017725331959080448,06-Vulnerable.wav
-6668969950625965350656,08-Place_Your_Love.wav
-7937702424331664728576,12-Lies.wav
-11409531577285016310784,01-Harleys_Indians_Riders_In_The_Sky_.wav
-2017339219848915206144,14-Love_Is_All_Shine_Your_Light_On_Me_.wav
-6901076785539315778816,10-What_s_She_Like_.wav
-9880382659994342369280,13-I_m_Sorry.wav
-10116585715471953381120,07-The_First_Girl_On_The_Moon.wav
-8455654032113085678592,05-Sleeping_In_My_Car.wav
-8757431288660394419712,03-Fireworks.wav
-8912603503397828945920,08-Black_Country_Woman.wav
-8263018094961641421824,06-The_Wanton_Song.wav
-11210475900007437317120,05-Night_Flight.wav
-5400164393235379193344,07-Boogie_With_Stu.wav
-8512314659709332259840,02-Bron-Yr-Aur.wav
-9753351457894949970944,09-Sick_Again.wav
-7272359569909014631424,04-Ten_Years_Gone.wav
-9373147518086084436992,03-Down_By_the_Seaside.wav
-1883600793610815086592,01-In_the_Light.wav
-7489491002018185561088,06-D_yer_Mak_er.wav
-8217222112105324246016,02-The_Rain_Song.wav
-7057308786040757750784,07-No_Quarter.wav
-7305193511652830543360,01-The_Song_Remains_The_Same.wav
-10279695305666875094016,05-Dancing_Days.wav
-5401077772740597770240,04-The_Crunge.wav
-7225219315889449106432,03-Over_The_Hills_And_Far_Away.wav
-8516693893483610802176,08-When_The_Levee_Breaks.wav
-10215051659973305416192,02-Rock_And_Roll.wav
-5199168218515941222400,03-The_Battle_Of_Evermore.wav
-10149905781290084820480,06-Four_Sticks.wav
-7960095649337730739200,04-Stairway_To_Heaven.wav
-8638868317461348920320,07-Going_To_California.wav
-7870849157647387588096,01-Black_Dog.wav
-7025054325879850560000,05-Misty_Mountain_Hop.wav
-6188672895760404069376,09-How_Many_More_Times.wav
-7448261825181555018752,01-Good_Times_Bad_Times.wav
-8026444259425435729920,02-Babe_I_m_Gonna_Leave_You.wav
-8110220635049283313664,08-I_Can_t_Quit_You_Baby.wav
-7499940338346250457088,03-You_Shook_Me.wav
-10774009518483529023488,06-Black_Mountain_Side.wav
-7742517587504286400000,05-Your_Time_Is_Gonna_Come.wav
-7710459998845449807872,07-Communication_Breakdown.wav
-7892013781726511245312,04-Dazed_And_Confused.wav
-8846937971395378588160,08-Moby_Dick.wav
-7053189823847021867520,06-Living_Loving_Maid_She_s_Just.wav
-8985180543603148849152,07-Ramble_On.wav
-6481328104573014938624,01-Whole_Lotta_Love.wav
-7677668503913668679680,04-Thank_You.wav
-8945114702539818691328,09-Bring_It_On_Home.wav
-8724269059597376484352,03-The_Lemon_Song.wav
-7943915490941247612928,02-What_Is_And_What_Should_Never.wav
-9593869149628304894976,05-Heartbreaker.wav
-9558809105034423104000,08-That_s_The_Way.wav
-9368025250149045414912,01-Immigrant_Song.wav
-7605286588761752439296,07-Tangerine.wav
-10525800038454719915008,03-Celebration_Day.wav
-9671905891629340636160,10-Hats_Off_To_Roy_Harper.wav
-8367735784504985216256,02-Friends.wav
-2879261860783546639360,04-Since_I_ve_Been_Loving_You.wav
-9833479122524313306112,05-Out_On_The_Tiles.wav
-10354166680995011578880,09-Bron-Y-Aur_Stomp.wav
-8674379962218634370048,06-Gallows_Pole.wav
-5737092999355316327424,15-Another_Girl_s_Paradise.wav
-10287641411327661917696,12-I_Can_t_See_New_York.wav
-7772412664202777034752,16-Scarlet_s_Walk.wav
-11608347944706907332096,03-Wednesday.wav
-5618436015409229737472,17-Virginia.wav
-9137764709276811990528,10-Your_Cloud.wav
-2626502154123941061120,02-A_Sorta_Fairytale.wav
-7630751938381899961856,04-Strange.wav
-7495345219391353768448,13-Mrs_Jesus.wav
-4321131144480749195776,14-Taxi_Ride.wav
-6493385777385440072704,07-Wampum_Prayer.wav
-4246331335443519554048,05-Carbon.wav
-6759931346763154421248,06-Crazy.wav
-5418692233529708762112,11-Pancake.wav
-4643606085365256710656,09-Sweet_Sangria.wav
-7063444314511074517504,08-Don_t_Make_Me_Come_To_Vegas.wav
-11335232183755392856064,01-Amber_Waves.wav
-2540077386541660892160,18-Gold_Dust.wav
-6428475351878602644992,01-Spark.wav
-6456969633568430193152,12-Pandora_s_Aquarium.wav
-7071256898711889738240,09-Northern_Lad.wav
-7568412443137512844288,02-Cruel.wav
-5860163673753315297792,11-Playboy_Mommy.wav
-7803319147991915254272,03-Black-Dove_January_.wav
-7630869705206608777216,04-Rasberry_Swirl.wav
-5977625102814770888704,07-Liquid_Diamonds.wav
-10638085854651722232832,08-She_s_Your_Cocaine.wav
-8747576483286896406016,10-Hotel.wav
-5325284479995172234240,06-i_i_e_e_e.wav
-5775784043026839096832,05-Jackie_s_Strength.wav
-6003914804070617929216,06-Sleeps_With_Butterflies.wav
-8780781538598085275136,03-The_Power_of_Orange_Knickers.wav
-9092238840928060824064,18-Marys_of_the_Sea.wav
-7825280887946021918208,12-Original_Sinsuality.wav
-5093201113625613263360,05-Barons_of_Suburbia.wav
-6117869671711746872832,19-Toast.wav
-8315651813344206674944,09-Ribbons_Undone.wav
-8989747082350066114560,07-General_Joy.wav
-4028881523499213807616,10-Cars_and_Guitars.wav
-10184703971002090648064,15-Martha_s_Foolish_Ginger.wav
-9561286158411577530880,17-Goodbye_Pisces.wav
-4043837701428151946752,11-Witness.wav
-7423122844187156507136,16-Hoochie_Woman.wav
-4692807148146981057024,14-The_Beekeeper.wav
-6662987964694871178752,13-Ireland.wav
-8266822907083616028672,01-Parasol.wav
-6343505678198743279104,08-Mother_Revolution.wav
-6911612630502708816384,02-Sweet_the_Sting.wav
-6558101422869246602752,04-Jamaica_Inn.wav
-4415282805556282210816,09-Icicle.wav
-8189923825131905075712,11-Space_Dog.wav
-7172780724515379891200,02-God.wav
-3260959964825911399424,12-Yes_Anastasia.wav
-7575065885624216052736,05-Baker_Baker.wav
-8014583302147461811200,08-Cornflake_Girl.wav
-4175251262007370986496,04-Past_The_Mission.wav
-8940135225707317409280,06-The_Wrong_Band.wav
-7984070781993758743040,10-Cloud_On_My_Tongue.wav
-7385564196150919891968,03-Bells_For_Her.wav
-6423188148716232171520,07-The_Waitress.wav
-7628309947220609866752,01-Pretty_Good_Year.wav
-8021385633986696978432,08-Riot_Poof.wav
-6610409429128045865472,09-Datura.wav
-6712298659055704508416,05-Lust.wav
-8837837102412861009920,03-Concertina.wav
-7272598105466818148352,02-Juarez.wav
-7639440277046890773504,11-1000_Oceans.wav
-11134960831090693597184,01-Bliss.wav
-7120212215804556044288,10-Spring_Haze.wav
-7744152291810679034880,07-Josephine.wav
-9246693801587960600576,06-Suede.wav
-7212435709676736178688,04-Glory_Of_The_80_s.wav
-8145433330119176159744,05-Winter.wav
-7124241248909731972096,11-Me_And_A_Gun.wav
-7355646365511681296384,04-Precious_Things.wav
-8337778813474774677504,07-China.wav
-7841474503266067926016,12-Little_Earthquakes.wav
-6269505980902596275712,06-Happy_Phantom.wav
-7228084776117473078784,03-Silent_All_These_Years.wav
-7612564144268670832640,08-Leather.wav
-7552497680751046243840,10-Tear_In_Your_Hand.wav
-8180180941319462271488,02-Girl.wav
-5933867024255190540800,09-Mother.wav
-6589734363012348421120,01-Crucify.wav
-8935432816846675703808,01-Survival.wav
-6287415850999030838784,11-Take_A_Bow.wav
-6691926794640092732928,03-I_d_Rather_Be_Your_Lover.wav
-6848651743016625149440,04-Don_t_Stop.wav
-8815160682924054795776,08-Love_Tried_To_Welcome_Me.wav
-9373768220792049933312,10-Bedtime_Story.wav
-6702351589885136790016,07-Forbidden_Love.wav
-6876014277264019113984,09-Sanctuary.wav
-7788061139365601947648,06-Human_Nature.wav
-8788893438167889764352,05-Inside_Of_Me.wav
-9471577074366378799104,02-Secret.wav
-5100291216838680355840,03-Love_Song.wav
-7403114157656362192896,09-Keep_It_Together.wav
-6082541346448285154816,06-Cherish.wav
-9850377208371409773056,10-Spanish_Eyes.wav
-7629762660713490157568,07-Dear_Jessie.wav
-7110733377248897842176,11-Act_Of_Contrition.wav
-4569647028167506688512,04-Till_Death_Do_Us_Part.wav
-8247105869334229167872,08-Oh_Father.wav
-7881311430237208303616,01-Like_A_Prayer.wav
-10934333581371988165120,02-Express_Yourself.wav
-7665264858716991452672,05-Promise_To_Try.wav
-6460110229609390594048,03-Runaway_Lover.wav
-7518484202755050958848,08-What_it_Feels_Like_For_a_Girl.wav
-6767341424025681891584,07-Don_t_Tell_Me.wav
-7845423623902076144640,02-Impressive_Instant.wav
-8951642252100391191040,05-Amazing.wav
-6724518453226772580864,06-Nobody_s_Perfect.wav
-2192615066628772889600,01-Music.wav
-7705050645941181371648,10-Gone.wav
-9955376018905038811136,04-I_Deserve_It.wav
-4060317670346069003776,09-Paradise_Not_For_Me_.wav
-8990241337103748939264,11-Now_I_m_Following_You_Part_II_.wav
-6954602301546261431296,06-Something_to_Remember.wav
-9088433799212808392704,09-What_Can_You_Lose.wav
-8085370653208383087616,02-Sooner_or_Later.wav
-8552833509433977119744,08-More.wav
-5436390494388102797312,12-Vogue.wav
-5608612794788634010624,03-Hanky_Panky.wav
-8739039592014391145472,04-I_m_Going_Bananas.wav
-5319954326302416015360,05-Cry_Baby.wav
-11233849193955658635264,01-He_s_a_Man.wav
-7910358617226004264960,07-Back_In_Business.wav
-9221025083682380994560,10-Now_I_m_Following_You_Part_I_.wav
-7105933576376532687872,12-Little_Star.wav
-4203019996949377064960,01-Drowned_World.wav
-8404610996708266072064,03-Ray_Of_Light.wav
-7106169104706402924544,10-The_Power_of_Good-bye.wav
-10183794082470234927872,02-Swim.wav
-8754097956832029665280,06-Nothing_Really_Matters.wav
-6237826747619280978688,08-Shanti-Ashtangi.wav
-3793678218092672049152,09-Frozen.wav
-8646764091182771611648,11-To_Have_and_Not_to_Hold.wav
-8275540445965567635456,07-Sky_Fits_Heaven.wav
-6407876711431644874752,05-Skin.wav
-4039186975284141416448,13-Mer_Girl.wav
-7674271546421854272512,04-Candy_Perfume_Girl.wav
-8463288287811817108992,09-Words.wav
-8760107574873476429824,10-Rain.wav
-6117385309272434788864,01-Erotica.wav
-12079983203797464825344,08-Thief_of_Hearts.wav
-7289254870374438974464,11-Why_s_It_So_Hard.wav
-6718974244353684650496,13-Did_You_Do_It_.wav
-8036692048235176796672,14-Secret_Garden.wav
-7614354056143682747392,02-Fever.wav
-9643504600052540039680,04-Deeper_and_Deeper.wav
-9108645280612832836096,12-In_This_Life.wav
-4858364046255837248000,06-Bad_Girl.wav
-5666606877729585850880,07-Waiting.wav
-7518186128468720011776,03-Bye_Bye_Baby.wav
-9614017076741939048448,05-Where_Life_Begins.wav
-11902970317354260014080,03-Baby_s_In_Black.wav
-7466222899259756401664,04-Rock_And_Roll_Music.wav
-9114233162190944752640,10-Honey_Don_t.wav
-6840446606813334205440,05-I_ll_Follow_The_Sun.wav
-8711127761613456198656,12-I_Don_t_Want_To_Spoil_The_Party.wav
-7440265779593114931200,01-No_Reply.wav
-6284908822959719341056,13-What_You_re_Doing.wav
-10201357713631284415488,06-Mr_Moonlight.wav
-8520936598596612766720,14-Everybody_s_Trying_To_Be_My_Baby.wav
-8718987556264493569024,08-Eight_Days_A_Week.wav
-8728094737413414661120,02-I_m_A_Loser.wav
-8537306933568849476608,07-Medley_Kansas_City_Hey_Hey.wav
-8853597828464387197952,11-Every_Little_Thing.wav
-8723924807517452035072,09-Words_Of_Love.wav
-7385571410781346638848,12-You_Can_t_Do_That.wav
-8130621427820050162688,13-I_ll_Be_Back.wav
-9532289520576225674240,07-Can_t_Buy_Me_Love.wav
-7929112248654601239552,04-I_m_Happy_Just_To_Dance_With_You.wav
-9991348252659823608832,09-I_ll_Cry_Instead.wav
-6870069849121522190336,01-A_Hard_Day_s_Night.wav
-9162689556694235423744,06-Tell_Me_Why.wav
-7391269377909985719296,10-Things_We_Said_Today.wav
-7688374085307279252480,02-I_Should_Have_Known_Better.wav
-8426070900908070908928,11-When_I_Get_Home.wav
-10049921121398937656320,05-And_I_Love_Her.wav
-11909085545224395860992,03-If_I_Fell.wav
-7613619649528554925056,08-Any_Time_At_All.wav
-7939370541885113670656,12-I_Want_To_Tell_You.wav
-6594276302084934017024,01-Taxman.wav
-9908717885291981071360,05-Here_There_And_Everywhere.wav
-7268620113153174088704,06-Yellow_Submarine.wav
-8491623870443089263616,14-Tomorrow_Never_Knows.wav
-7531701288203693003776,04-Love_You_To.wav
-9946006870760676643840,07-She_Said_She_Said.wav
-6428831811193087120384,02-Eleanor_Rigby.wav
-8478221612441491439616,09-And_Your_Bird_Can_Sing.wav
-6863874529711499920384,03-I_m_Only_Sleeping.wav
-6494559555897283099648,08-Good_Day_Sunshine.wav
-7694038708910504438784,13-Got_To_Get_You_Into_My_Life.wav
-9504475861496144272384,10-For_No_One.wav
-6009684357770236105728,11-Doctor_Robert.wav
-7848939034430182566912,05-Octopus_s_Garden.wav
-7341866870540376544256,06-I_Want_You_She_s_So_Heavy_.wav
-8233156937588595177984,13-She_Came_In_Through_The_Bathroom_Window.wav
-9408320770809848025088,04-Oh_Darling.wav
-6473277564168967510528,16-The_End.wav
-12057613348395433211904,11-Mean_Mr_Mustard.wav
-8658566881045453036544,08-Because.wav
-6935439399017481542144,12-Polythene_Pam.wav
-6726849015027956865024,01-Come_Together.wav
-6025343044111772759040,02-Something.wav
-7277448523733773848832,10-Sun_King.wav
-7742016899127868427264,07-Here_Comes_The_Sun.wav
-7543592049114491077632,14-Golden_Slumbers.wav
-9342655278506204178432,15-Carry_That_Weight.wav
-4340106762292534696960,03-Maxwell_s_Silver_Hammer.wav
-8726664445517174808064,09-You_Never_Give_Me_Your_Money.wav
-4511337197647752011776,17-Her_Majesty.wav
-7032547460766522953728,15-Why_Don_t_We_Do_It_In_The_Road.wav
-11026505538344836868096,04-Ob-La-Di_Ob-La-Da.wav
-7846841303569561768960,09-Martha_My_Dear.wav
-7258106850673319686656,11-Blackbird.wav
-10411992675977896322048,06-The_Continuing_Story_Of_Bungalow_Bill.wav
-6465117921290259544064,01-Back_In_The_U_S_S_R_.wav
-8416578775344666676224,13-Rocky_Raccoon.wav
-8309446861330106072064,17-Julia.wav
-11271746034954350965760,16-I_Will.wav
-7540082504417192032768,08-Happiness_Is_A_Warm_Gun.wav
-7189537943225574283776,10-I_m_So_Tired.wav
-8934095960356672544768,03-Glass_Onion.wav
-6727332658760260850688,05-Wild_Honey_Pie.wav
-5876628878628574323712,02-Dear_Prudence.wav
-8555601395369316518912,07-While_My_Guitar_Gently_Weeps.wav
-8279102788329138631168,14-Don_t_Pass_Me_By.wav
-9184282216719665390592,12-Piggies.wav
-10206020823819646219264,01-Magical_Mystery_Tour.wav
-9052234407557156006912,06-I_Am_The_Walrus.wav
-11793638982715787485184,07-Hello_Goodbye.wav
-10707184116196742851584,10-Baby_You_re_A_Rich_Man.wav
-6700547331594918487040,11-All_You_Need_Is_Love.wav
-6760484006050899372032,05-Your_Mother_Should_Know.wav
-6288899562877435524096,04-Blue_Jay_Way.wav
-9029282372912939375616,03-Flying.wav
-7844421122855471312896,08-Strawberry_Fields_Forever.wav
-9172130281147941875712,02-The_Fool_On_The_Hill.wav
-6223363493923882947584,09-Penny_Lane.wav
-6855059221714545509376,01-Battery.wav
-9606466470429845201920,03-Thing_That_Should_Not_Be_The.wav
-3965769568186465683968,07-Orion.wav
-1813364523355371925504,08-Damage_Inc.wav
-9006872879408980890112,02-Master_of_Puppets.wav
-7376507595385846562816,06-Leper_Messiah.wav
-9882057356965883210240,05-Disposable_Heroes.wav
-9387393295271339252224,04-Welcome_Home_Sanitarium_.wav
-9574781685333017586688,03-Motorbreath.wav
-6902765905030222673920,06-Whiplash.wav
-10655363204707692155904,10-Metal_Militia.wav
-5644882131230732621824,09-Seek_Destroy.wav
-11537504995468654214144,02-The_Four_Horsemen.wav
-7575490110994115569664,07-Phantom_Lord.wav
-4147393484976883167232,01-Hit_The_Lights.wav
-8891637976271065331712,08-No_Remorse.wav
-8469044927742706822144,04-Jump_In_The_Fire.wav
-7377230513633552959488,05-_Anesthesia_Pulling_Teeth.wav
-6414021682644978180864,02-2_X_4.wav
-7483705849429898792448,03-The_House_Jack_Built.wav
-10456112776928322551040,05-King_Nothing.wav
-9061047330566194283008,07-Bleeding_Me.wav
-7540461482735317938688,11-Mama_Said.wav
-11443644404157411545600,06-Hero_Of_The_Day.wav
-6281547309647228183552,12-Thorn_Within.wav
-7665312124003048740352,01-Ain_t_My_Bitch.wav
-8097720259161003357440,14-The_Outlaw_Torn.wav
-4729699617643824829440,10-Wasting_My_Hate.wav
-8968394930846654304768,08-Cure.wav
-6654480260881809044992,09-Poor_Twisted_Me.wav
-8715552109247457701376,13-onnie.wav
-11076228050734212375040,04-Until_It_Sleeps.wav
-5898714473993466004992,09-Of_Wolf_and_Man.wav
-8654856639581229434368,01-Enter_Sandman.wav
-7184534171723267250688,08-Nothing_Else_Matters.wav
-5592952566973353518336,07-Through_the_Never.wav
-5299872617744311758336,05-Wherever_I_May_Roam.wav
-5519808123465469677056,11-My_Friend_of_Misery.wav
-5633779520664114959872,10-The_God_that_Failed.wav
-5417398724281160682496,06-Dont_Tread_on_Me.wav
-6440421719114997373952,04-The_Unforgiven.wav
-7447850835860093614592,02-Sad_but_True.wav
-5514263687716633011712,12-The_Struggle_Within.wav
-6814284369751651856384,03-Holier_than_Thou.wav
-9227082381164529436672,09-Where_The_Wild_Things_Are.wav
-6985921355232407785472,06-Slither.wav
-7500453920777900869632,04-The_Unforgiven_II.wav
-6819242015549459584000,11-Low_Man_s_Lyric.wav
-7336830287056403343360,07-Carpe_Diem_Baby.wav
-3579030097984096524288,13-Fixxxer.wav
-7383856090129726659584,08-Bad_Seed.wav
-8741638671027262957568,01-Fuel.wav
-7047369536432844596224,12-Attitude.wav
-8804492876062960535552,05-Better_Then_You.wav
-6412276856895142535168,03-Devil_s_Dance.wav
-7686418522445876527104,02-The_Memory_Remains.wav
-8351072505262567914496,10-Prince_Charming.wav
-8793617917699819585536,01-Fight_Fire_With_Fire.wav
-7443318745739806284800,02-Ride_The_Lightning.wav
-7688048054666800123904,03-For_Whom_The_Bell_Tolls.wav
-8625296046518904911360,07-Creeping_Death.wav
-7991856371473779177472,08-The_Call_Of_Ktulu.wav
-9394416708012419338752,05-Trapped_Under_Ice.wav
-7667151896028800339456,06-Escape.wav
-11866914520418011719680,04-Fade_To_Black.wav
-6333843243210385588224,04-Small_Blue_Thing.wav
-7057714321885052757504,02-Freeze_Tag.wav
-9906182487720928958976,07-Some_Journey.wav
-5482942274348597187072,09-Knight_Moves.wav
-6653804876165791827456,06-Undertow.wav
-5689699908220348894208,10-Neighborhood_Girls.wav
-9875124143347047068672,03-Marlene_On_The_Wall.wav
-4150880372735854710784,05-Straight_Lines.wav
-5820500003971355855360,01-Cracking.wav
-7147014354940174799360,08-The_Queen_And_The_Soldier.wav
-12374047045088224368640,07-Last_Years_Troubles.wav
-8859604256383785805824,08-Priscilla.wav
-8562847232121139976960,02-Widow_s_Walk.wav
-8298392491668085867520,11-Machine_Ballerina.wav
-6170925447603650165760,12-Solitaire.wav
-6949731856490841535488,10-Harbor_Song.wav
-6543437141975993465856,04-It_Makes_Me_Wonder.wav
-8984138739659990210560,03-_I_ll_Never_Be_Your_Maggie_May.wav
-7049027275582419093504,13-St_Clare.wav
-8419823469849208127488,01-Penitent.wav
-12884292135092777712640,09-If_I_Were_a_Weapon.wav
-9973512542601901814784,06-Songs_in_Red_and_Gray.wav
-7232218649395745116160,05-Soap_and_Water.wav
-5819154782326407360512,11-Pilgrimage.wav
-6989074073818876383232,10-Fifty-Fifty_Chance.wav
-5802657265463176627712,02-Men_in_a_War.wav
-10911595716297758228480,04-Book_Of_Dreams.wav
-8626382465070924960768,01-Tired_Of_Sleeping.wav
-7442202601329454010368,06-Those_Whole_Girls_Run_In_Grace_.wav
-6673070400498234067968,03-Rusted_Pipe.wav
-5751163222211919657984,05-Institution_Green.wav
-9634439172397941478144,07-Room_Off_The_Street.wav
-11270806974085044852736,09-Predictions.wav
-7361762785674260164096,08-Big_Space.wav
-10449720016594033175040,03-In_Liverpool.wav
-10282370290583851441152,08-As_A_Child.wav
-8948269011874094092800,02-Blood_Makes_Noise.wav
-6472278667721531255808,07-_If_You_Were_In_My_Movie.wav
-7125337358070492939776,10-When_Heroes_Go_Down.wav
-2829588262361447799808,04-99_9_F_.wav
-7606058670828494561280,05-Blood_Sings.wav
-6149983864977365324800,11-As_Girls_Go.wav
-4797580118505384931840,01-Rock_In_This_Pocket_Song_Of_David_.wav
-6474989539759996797952,12-Song_Of_Sand.wav
-2044866505149564293632,06-Fat_Man_Dancing_Girl.wav
-8986574600332668467200,09-Bad_Wisdom.wav
-6845959424977313042944,09-Lolita.wav
-5846279720172595607296,02-Head_Shots.wav
-12164514529548557487616,10-Honeymoon_Suite.wav
-8375641040967531280384,01-Birth-day_Love_Made_Real_.wav
-6490735118996255224832,04-Stockings.wav
-7006789161635049250304,06-Thin_Man.wav
-2754559215478234201600,05-Casual_Match.wav
-6970864692690601764352,11-Tombstone.wav
-8638386080227365039104,12-My_Favorite_Plum.wav
-6057823499565805562880,03-Caramel.wav
-5270863384997049279488,07-No_Cheap_Thrill.wav
-5576296949339696035584,08-World_Before_Columbus.wav
-2433306611433703657984,10-Wooden_Horse.wav
-6662935913487898865152,02-Luka.wav
-3296621629479865121536,06-Solitude_Standing.wav
-7398367273255154087424,08-Language.wav
-7186070762937084979200,03-Ironbound-Fancy_Poultry.wav
-7480947023279194379776,05-Night_Vision.wav
-5389042158663982339584,01-Tom_s_Diner.wav
-5218120287423570277120,04-In_The_Eye.wav
-6548070160152789554944,07-Calypso.wav
-6293551236831724406784,11-Tom_s_Diner_Reprise.wav
-7299428416132740784640,09-Gypsy.wav
-6958950500965922445312,07-Two_Hearts_Beat_As_One.wav
-5968825648297118453760,04-Like_A_Song_.wav
-7341362068771588381696,02-Seconds.wav
-11134393726245939427328,01-Sunday_Bloody_Sunday.wav
-10814900020304856772608,05-Drowning_Man.wav
-6957197281218264743936,03-New_Year_s_Day.wav
-7432872964510518819840,10-_40_.wav
-7706843372287164473344,08-Red_Light.wav
-5276363266220664153088,06-The_Refugee.wav
-9309103326232773719040,09-Surrender.wav
-5069207317366554156032,06-Daddy_s_Gonna_Pay_For_Your_Crashed_Car.wav
-5102187307722599022080,03-Numb.wav
-9609990158934986338816,08-The_First_Time.wav
-7148597395890136201728,07-Some_Days_Are_Better_Than_Others.wav
-11024196059008137284096,04-Lemon.wav
-7520503767608971002368,02-Babyface.wav
-12916107015459529072640,09-Dirty_Day.wav
-7080564643402279781376,01-Zooropa.wav
-11433885529294935603200,10-The_Wanderer.wav
-7014616029933744713216,05-Stay_Faraway_So_Close_.wav
-5610249741048506807296,12-Love_Is_Blindness.wav
-7538049311545411876352,08-Mysterious_Ways.wav
-8245042797409006414336,04-Until_The_End_Of_The_World.wav
-5060297468364807415296,05-Who_s_Gonna_Ride_Your_Wild_Horses.wav
-8087914728168917151232,01-Zoo_Station.wav
-8812283507347090387968,11-Acrobat.wav
-4493548788893062168576,10-Ultra_Violet_Light_My_Way_.wav
-8906057324235101804032,06-So_Cruel.wav
-9637862001726516971008,03-One.wav
-8206668329457302406144,02-Even_Better_Than_The_Real_Thing.wav
-10507971801845645806592,09-Tryin_To_Throw_Your_Arms_Around_The_World.wav
-11375839329156190328320,07-The_Fly.wav
-7939640506606030101504,06-Red_Hill_Mining_Town.wav
-9445464898793961703168,10-Exit.wav
-7769394744216791504896,07-In_God_s_Country.wav
-417393984066035841024,01-Where_the_Streets_Have_No_Name.wav
-6541282896747831234560,04-Bullet_the_Blue_Sky.wav
-10168549476116432128000,08-Trip_Through_Your_Wires.wav
-10137886363859028373504,05-Running_to_Stand_Still.wav
-9378683308780482259200,11-Mothers_of_the_Disappeared.wav
-8861919782288765163520,03-With_or_Without_You.wav
-6548814354951924107264,09-One_Tree_Hill.wav
-9666131327116500826112,02-I_Still_Haven_t_Found_What_I_m_Looking_For.wav
-6989832510689347386368,05-Promenade.wav
-11908773326525454337536,02-Pride_In_The_Name_of_Love_.wav
-8083356190117831920640,06-4th_of_July.wav
-6380710466429560636416,03-Wire.wav
-8998439769933897562624,07-Bad.wav
-6889766755205054117888,04-The_Unforgettable_Fire.wav
-3137395194039729995776,10-MLK.wav
-8138072583899242221568,08-Indian_Summer_Sky.wav
-6131871767776139059200,09-Elvis_Presley_and_America.wav
-7936672051877968097792,01-A_Sort_of_Homecoming.wav
-3023686829391175508992,07-October.wav
-10374213510349829099520,03-I_Threw_a_Brick_Through_a_Window.wav
-7094321468314089804800,11-Is_That_All_.wav
-8742299105118095454208,09-Stranger_in_a_Strange_Land.wav
-12476496450984744461312,10-Scarlet.wav
-5465722065802766315520,06-Tomorrow.wav
-8379686472827675622400,01-Gloria.wav
-9000319275829304707072,04-Rejoice.wav
-8810601872939911533568,05-Fire.wav
-4893240286739981284352,08-With_a_Shout.wav
-6805439242060486961152,02-I_Fall_Down.wav
-7499562940981742510080,02-Rapunzel.wav
-9439313896306794056192,06-Halloween.wav
-5942761080467465723904,07-The_Stone.wav
-8103840577682485905408,01-Pantala_Naga_Pampa.wav
-8040326399965716677632,10-Pig.wav
-7797809494283076783616,11-Spoon.wav
-10960822162015034963968,13-Hidden_Track_2.wav
-7268748096413146549760,04-Don_t_Drink_the_Water.wav
-9313159293694661181440,12-Hidden_Track_1.wav
-8667516492395343943168,09-The_Dreaming_Tree.wav
-7090512122622907722752,08-Crush.wav
-7670060985843115067904,05-Stay_Wasting_Time_.wav
-12122952123887693000448,03-The_Last_Stop.wav
-7842041832601757275136,07-Grace_Is_Gone.wav
-7421250482079870963200,02-Grey_Street.wav
-6497432842974798767616,01-Busted_Stuff.wav
-7818196924063234755072,08-Kit_Kat_Jam.wav
-9088997901901153221120,04-You_Never_Know.wav
-8364707786202958241792,11-Bartender.wav
-6778458788934087548416,10-Big_Eyed_Fish.wav
-8270765047564036889088,03-Where_Are_You_Going.wav
-6293415562583754444288,05-Captain.wav
-5693434405865484002816,09-Digging_a_Ditch.wav
-6342598961838470641152,06-Raven.wav
-9186168902155944420864,09-Lie_In_Our_Graves.wav
-5128500697760665927680,05-_41.wav
-8197262162509325536000,02-Two_Step.wav
-8829518435712207333376,11-Tripping_Billies.wav
-6802443930460027855872,08-Let_You_Down.wav
-8673654121964579927040,04-Too_Much.wav
-7496480065920505555968,10-Cry_Freedom.wav
-8195250168950901992448,12-Proudest_Monkey.wav
-4270338896826856394752,06-Say_Goodbye.wav
-8986296130308900969472,01-So_Much_To_Say.wav
-10935665701581011874816,03-Crash_Into_Me.wav
-8488420344668762991616,07-Drive_In_Drive_Out.wav
-5571027196241289438208,03-Stand_Up_For_It_.wav
-6693630280739967596544,06-Smooth_Rider.wav
-5958723698261364945408,02-Old_Dirt_Hill_Bring_That_Beat_Back_.wav
-10635040035624816736768,14-Hunger_For_The_Great_Light.wav
-4577390265661056666624,05-American_Baby.wav
-8602786758651305805312,07-Everybody_Wake_Up_Our_Finest_Hour_Arrives_.wav
-8296575539248467192832,13-Steady_As_We_Go.wav
-6284136095670609316864,04-American_Baby_Intro.wav
-4699307085528267575808,11-Stolen_Away_On_55th_3rd.wav
-7626954679683912004608,08-Out_Of_My_Hands.wav
-5169048261632000211968,01-Dreamgirl.wav
-8539368473642428167168,10-Louisiana_Bayou.wav
-4610580992945488440832,12-You_Might_Die_Trying.wav
-8610021681751068670976,09-Hello_Again.wav
-7150976300915299138560,09-Jimi_Thing.wav
-9140261367348475827200,08-Lover_Lay_Down.wav
-7867779778831307100160,01-The_Best_of_What_s_Around.wav
-7456966615131924621312,02-What_Would_You_Say.wav
-10040157447395028084736,04-Rhyme_Reason.wav
-8404003990045704803328,34-_34.wav
-8357604654256937071616,03-Satellite.wav
-9358459276536108958720,10-Warehouse.wav
-8206316898853248721920,05-Typical_Situation.wav
-6394877218116259730432,06-Dancing_Nancies.wav
-5186202951208255575040,11-Pay_For_What_You_Get.wav
-7984999157737611058176,07-Ants_Marching.wav
-12216741618485261800448,01-I_Did_It.wav
-8700726952655677070848,05-So_Right.wav
-8213890948092647165952,06-If_I_Had_It_All.wav
-6858306901117635892224,04-Dreams_of_Our_Fathers.wav
-7256896703695706907648,10-Sleep_To_Dream_Her.wav
-4944830608233521927168,09-Fool_To_Think.wav
-7591728715276170742784,08-Angel.wav
-7792743153691504216064,03-The_Space_Between.wav
-6176207499929026956288,12-Everyday.wav
-9680637541021089536000,11-Mother_Father.wav
-10412111091791913602048,07-What_You_Are.wav
-7351194534449337480192,02-When_The_World_Ends.wav
-8366955123206980615680,02-Having_a_Blast.wav
-8530061604719960704000,12-Emenius_Sleepus.wav
-9232688991931671208448,09-Sassafras_Roots.wav
-5622941264638682827776,04-Longview.wav
-7109663984004704565248,14-F_O_D_-All_By_Myself.wav
-7017890249801024573440,15-Hidden_Track.wav
-8794705539941741905920,03-Chump.wav
-8070627284604524831488,13-In_the_End.wav
-4201907593755345988096,08-She.wav
-8592413171016900810240,01-Burnout.wav
-5841186257970941185536,07-Basket_Case.wav
-8127655543795034598912,06-Pulling_Teeth.wav
-8893919620572128650240,11-Coming_Clean.wav
-7806417925820757563392,10-When_I_Come_Around.wav
-10056013187663207339008,05-Welcome_to_Paradise.wav
961866576790414504448,13-Whatsername.wav
-6935988479139857204224,10-Letterbomb.wav
-7169363362388927461376,06-St_Jimmy.wav
-10136505336605852719104,11-Wake_Me_Up_When_September_Ends.wav
-8441933060319115528192,04-Boulevard_of_Broken_Dreams.wav
-7978166425237876258816,12-Homecoming.wav
-6630653165074854969344,05-Are_We_the_Waiting.wav
-6314814973828462602240,09-Extraordinary_Girl.wav
-7893595635387633689088,01-American_Idiot.wav
-4849851329991765297152,07-Give_Me_Novacaine.wav
-7088531137251404416000,02-Jesus_of_Suburbia.wav
-9624397233534653553664,03-Holiday.wav
-8821446650761285539840,08-She_s_a_Rebel.wav
-10139696050787402625024,11-Jaded.wav
-8912057246395168841728,12-Westbound_Sign.wav
-6640974234210492948992,06-Bab_s_Uvula_Who_.wav
-8728860146314385499648,08-Panic_Song.wav
-12114019224417082850816,02-Brat.wav
-7961396983641554510848,04-Geek_Stink_Breath.wav
-7531502900144059664896,07-86.wav
-9005762776447064005632,09-Stuart_And_The_Ave_.wav
-129784544505026797056,10-Brain_Stew.wav
-8532765649535381033984,14-Walking_Contradiction.wav
-8074102768383356072448,01-Armatage_Shanks.wav
-8763368583287993508352,05-No_Pride.wav
-9893683947600021589504,13-Tight_Wad_Hill.wav
-8593180496138616677376,03-Stuck_With_Me.wav
-13214567506749073496576,13-Walking_Alone.wav
-6582121680749911150848,02-Hitchin_A_Ride.wav
-8793266696913417821696,14-Reject.wav
-8198590110127248370688,01-Nice_Guys_Finish_Last.wav
-8634515910453301140480,07-Worry_Rock.wav
-8506800501749008937216,17-Good_Riddance_Time_Of_Your_Life_.wav
-8724344677885111533824,05-Scattered.wav
-6046371726400933229056,10-Last_Ride_In.wav
-9456337297055922061568,08-Platypus_I_Hate_You_.wav
-9717289193757232220416,15-Take_Back.wav
-9655351317129334973440,03-The_Grouch.wav
-14533848318918288624128,04-Redundant.wav
-4819240244825927568896,09-Uptight.wav
-8298075587812473975552,16-King_For_A_Day.wav
-8763241775109626808320,11-Jinx.wav
-4934256952821643156224,18-Prosthetic_Head.wav
-9112258017719151089664,12-Haushinka.wav
-6290547465178148064000,06-All_The_Time.wav
-9115232481472588904448,01-2000_Light_Years_Away.wav
-11097622565900887077888,14-Best_Thing_In_Town.wav
-9932662808359100896256,02-One_For_the_Razorbacks.wav
-9363044781602292567040,05-Private_Ale.wav
-8005119061006056765440,04-Christie_Road.wav
-6835427050333902897152,08-80.wav
-9788792441636052117504,13-Sweet_Children.wav
-10004324432691946729472,10-No_One_Knows.wav
-9023905970128053533696,07-One_Of_My_Lies.wav
-9924647760141575805952,03-Welcome_To_Paradise.wav
-10023403456932001531904,11-Who_Wrote_Holden_Caulfield_.wav
-8099534845822234513408,12-Words_I_Might_Have_Ate.wav
-9272628453419466541056,15-Strangeland.wav
-7819615074488916558848,06-Dominated_Love_Slave.wav
-9430464224141930011648,09-Android.wav
-9751211520978445396992,16-My_Generation.wav
-7268241947259900008960,08-Hold_On.wav
-8380850533409562045440,03-Church_On_Sunday.wav
-7999288803362855426560,11-Minority.wav
-10360773529912329358336,01-Warning.wav
-12051221986297051050496,12-Macy_s_Day_Parade.wav
-6339473804131742332928,02-Blood_Sex_And_Booze.wav
-9868481257822741615104,05-Castaway.wav
-6260681068299967126016,06-Misery.wav
-7855869707410721605120,09-Jackass.wav
-6979981034874894181888,10-Waiting.wav
-7681124330664325459456,07-Deadbeat_Holiday.wav
-7809360243514688601600,04-Fashion_Victim.wav
